"Compound","PubChem ID","Affinity"
"CID 131752309",131752309,-9.2
"CID 130400467",130400467,-8.6
"N-[(2,4-Difluorophenyl)methyl]-11-hydroxy-7-methyl-9,12-dioxo-4-oxa-1,8-diazatricyclo[8.4.0.03,8]tetradeca-10,13-diene-13-carboxamide",57414794,-8.5
"Raltegravir",54671008,-8.4
"CID 129010421",129010421,-8.4
"N-(3,5-Dioxo-4-azatetracyclo[5.3.2.02,6.08,10]dodec-11-en-4-yl)-4-(trifluoromethyl)benzamide",25101755,-8.3
"(16alpha,17beta)-3-(Benzyloxy)estra-1,3,5(10)-triene-16,17-diol",3271,-8.2
"Tecovirimat",16124688,-8.1
"Dolutegravir",54726191,-8.1
"Delavirdine",5625,-8
"Amenamevir",11397521,-8
"4,4-Difluoro-N-[(1R)-3-[(1S,5R)-3-(3-methyl-5-propan-2-yl-1,2,4-triazol-4-yl)-8-azabicyclo[3.2.1]octan-8-yl]-1-phenylpropyl]cyclohexane-1-carboxamide",23725098,-8
"CID 135905396",135905396,-8
"N-[(2S,6R,8R,10S)-3,5-Dioxo-4-azatetracyclo[5.3.2.02,6.08,10]dodec-11-en-4-yl]-4-(trifluoromethyl)benzamide",11485687,-7.9
"4-[(4-Fluorophenyl)methylcarbamoyl]-1-methyl-2-[2-[(5-methyl-1,3,4-oxadiazole-2-carbonyl)amino]propan-2-yl]-6-oxopyrimidin-5-olate",54728271,-7.9
"CID 129626579",129626579,-7.9
"1-[4-Benzyl-2-hydroxy-5-[(2-hydroxy-2,3-dihydro-1H-inden-1-yl)amino]-5-oxopentyl]-N-tert-butyl-4-(pyridin-3-ylmethyl)piperazine-2-carboxamide",3706,-7.8
"N-[4-[3-(Tert-butylcarbamoyl)-3,4,4a,5,6,7,8,8a-octahydro-1H-isoquinolin-2-yl]-3-hydroxy-1-phenylbutan-2-yl]-2-(quinoline-2-carbonylamino)butanediamide",3579812,-7.8
"CID 129317853",129317853,-7.7
"CID 134692005",134692005,-7.7
"CID 138566969",138566969,-7.7
"N-[(2S,3R)-4-[(3S,4As,8aS)-3-(tert-butylcarbamoyl)-3,4,4a,5,6,7,8,8a-octahydro-1H-isoquinolin-2-yl]-3-hydroxy-1-phenylbutan-2-yl]-2-(quinoline-2-carbonylamino)butanediamide",60935,-7.6
"Maraviroc",3002977,-7.6
"(2S)-4-Benzyl-1-[(2S,4R)-4-benzyl-2-hydroxy-5-[[(1S,2R)-2-hydroxy-2,3-dihydro-1H-inden-1-yl]amino]-5-oxopentyl]-N-tert-butylpiperazine-2-carboxamide",5479511,-7.6
"(2R)-N-[(2S,3S)-4-[(3S,4Ar,8aS)-3-(tert-butylcarbamoyl)-3,4,4a,5,6,7,8,8a-octahydro-1H-isoquinolin-2-yl]-3-hydroxy-1-phenylbutan-2-yl]-2-(quinoline-2-carbonylamino)butanediamide",6604589,-7.6
"(2S)-N-[(2R,3R)-4-[(3S,4As,8aS)-3-(tert-butylcarbamoyl)-3,4,4a,5,6,7,8,8a-octahydro-1H-isoquinolin-2-yl]-3-hydroxy-1-phenylbutan-2-yl]-2-(quinoline-2-carbonylamino)butanediamide",11422480,-7.6
"2-[(2-Amino-6-oxo-5H-purin-9-yl)methoxy]ethyl (2S)-2-amino-3-methylbutanoate",24870804,-7.6
"CID 123133891",123133891,-7.6
"(2S)-N-[(2S,3R)-4-[(3S,4Ar,8aS)-3-(tert-butylcarbamoyl)-3,4,4a,5,6,7,8,8a-octahydro-1H-isoquinolin-2-yl]-3-hydroxy-1-phenylbutan-2-yl]-2-(quinoline-2-carbonylamino)butanediamide",454470,-7.5
"6-[(3-Chloro-2-fluorophenyl)methyl]-1-[(2S)-1-hydroxy-3-methylbutan-2-yl]-4-oxoquinoline-3-carboxylic acid",11611436,-7.5
"1-[(2S,4R)-4-Benzyl-2-hydroxy-5-[[(1R,2S)-2-hydroxy-2,3-dihydro-1H-inden-1-yl]amino]-5-oxopentyl]-N-tert-butyl-4-(pyridin-3-ylmethyl)piperazine-2-carboxamide",12087375,-7.5
"Tipranavir isomer",54688876,-7.5
"Elbasvir",71661251,-7.5
"CID 134693149",134693149,-7.5
"CID 134817203",134817203,-7.5
"4,4-Difluoro-N-[3-[(5S)-3-(3-methyl-5-propan-2-yl-1,2,4-triazol-4-yl)-8-azabicyclo[3.2.1]octan-8-yl]-1-phenylpropyl]cyclohexane-1-carboxamide",16123329,-7.4
"6-[(3-Chloro-2-fluorophenyl)methyl]-1-(1-hydroxy-3-methylbutan-2-yl)-7-methoxy-4-oxoquinoline-3-carboxylic acid",23083982,-7.4
"Tipranavir",54682461,-7.4
"Doravirine",58460047,-7.4
"Thiazol-5-ylmethyl ((1S,2S,4S)-4-(acetylamino)-1-benzyl-2-hydroxy-5-phenylpentyl)carbamate",71752515,-7.4
"CID 118855449",118855449,-7.4
"CID 124081896",124081896,-7.4
"CID 138110650",138110650,-7.4
"N-Tert-butyl-2-[2-hydroxy-3-[(3-hydroxy-2-methylbenzoyl)amino]-4-phenylsulfanylbutyl]-3,4,4a,5,6,7,8,8a-octahydro-1H-isoquinoline-3-carboxamide",4451,-7.3
"(2S)-N-[(2S,3R)-4-[(3S,4As,8aR)-3-(tert-butylcarbamoyl)-3,4,4a,5,6,7,8,8a-octahydro-1H-isoquinolin-2-yl]-3-hydroxy-1-phenylbutan-2-yl]-2-(quinoline-2-carbonylamino)butanediamide",454469,-7.3
"Unii-4ZE7dbe752",469665,-7.3
"(3S,4As,8aS)-N-tert-butyl-2-[(2R,3S)-2-hydroxy-3-[(3-hydroxy-2-methylbenzoyl)amino]-4-phenylsulfanylbutyl]-3,4,4a,5,6,7,8,8a-octahydro-1H-isoquinoline-3-carboxamide",10578931,-7.3
"(4As,8aS)-N-tert-butyl-2-[(2R,3R)-2-hydroxy-3-[(3-hydroxy-2-methylbenzoyl)amino]-4-phenylsulfanylbutyl]-3,4,4a,5,6,7,8,8a-octahydro-1H-isoquinoline-3-carboxamide",12047302,-7.3
"Methyl N-[(2S)-1-[2-[(2S,3S)-2-hydroxy-3-[[2-(methoxycarbonylamino)-3,3-dimethylbutanoyl]amino]-4-phenylbutyl]-2-[(4-pyridin-2-ylphenyl)methyl]hydrazinyl]-3,3-dimethyl-1-oxobutan-2-yl]carbamate",44182297,-7.3
"Letermovir",45138674,-7.3
"Sovaldi",45375808,-7.3
"6-[(3-Chloro-2-fluorophenyl)methyl]-1-[(2S)-1-hydroxy-2,3-dimethylbutan-2-yl]-7-methoxy-4-oxoquinoline-3-carboxylic acid",57415730,-7.3
"CID 129627778",129627778,-7.3
"CID 131632872",131632872,-7.3
"CID 134694373",134694373,-7.3
"CID 135546504",135546504,-7.3
"CID 137704597",137704597,-7.3
"CID 138393804",138393804,-7.3
"CID 145705656",145705656,-7.3
"{4-[2-Amino-6-(cyclopropylamino)-9H-purin-9-yl]cyclopent-2-en-1-yl}methanol",1971,-7.2
"2-Cyclopentene-1-methanol, 4-(2-amino-6-(cyclopropylamino)-9H-purin-9-yl)-, (1S-cis)-",65140,-7.2
"(2R)-N-[(2S,3R)-4-[(3S,4As,8aS)-3-(tert-butylcarbamoyl)-3,4,4a,5,6,7,8,8a-octahydro-1H-isoquinolin-2-yl]-3-hydroxy-1-phenylbutan-2-yl]-2-(quinoline-2-carbonylamino)butanediamide",3000788,-7.2
"Elvitegravir",5277135,-7.2
"4,4-Difluoro-N-[3-[3-(3-methyl-5-propan-2-yl-1,2,4-triazol-4-yl)-8-azabicyclo[3.2.1]octan-8-yl]-1-phenylpropyl]cyclohexane-1-carboxamide",22570509,-7.2
"Sofosbuvir",45375806,-7.2
"2-Epi-Darunavir",52949690,-7.2
"N-[3-[1-[(2R)-4-Hydroxy-6-oxo-2-(2-phenylethyl)-2-propyl-3H-pyran-5-yl]propyl]phenyl]-5-(trifluoromethyl)pyridine-2-sulfonamide",54731881,-7.2
"Methyl N-[(2S)-1-[2-[(3S)-2-hydroxy-3-[[2-(methoxycarbonylamino)-3,3-dimethylbutanoyl]amino]-4-phenylbutyl]-2-[(4-pyridin-2-ylphenyl)methyl]hydrazinyl]-3,3-dimethyl-1-oxobutan-2-yl]carbamate",71306984,-7.2
"CID 91302628",91302628,-7.2
"CID 129010435",129010435,-7.2
"CID 129626541",129626541,-7.2
"CID 129626542",129626542,-7.2
"Entecavir",135398508,-7.2
"CID 135605572",135605572,-7.2
"Pleconaril",1684,-7.1
"Darunavir",213039,-7.1
"Abacavir",441300,-7.1
"[(3As,4S,6aR)-2,3,3a,4,5,6a-hexahydrofuro[2,3-b]furan-4-yl] N-[(2S,3R)-4-[(4-aminophenyl)sulfonyl-(2-methylpropyl)amino]-3-hydroxy-1-phenylbutan-2-yl]carbamate",6320437,-7.1
"[(1S)-4-[2-Amino-6-(cyclopropylamino)purin-9-yl]cyclopent-2-en-1-yl]methanol",6328608,-7.1
"1,3-Thiazol-5-ylmethyl N-[(2S,3S,5S)-3-hydroxy-5-[[(2R)-3-methyl-2-[[methyl-[(2-propan-2-yl-1,3-thiazol-4-yl)methyl]carbamoyl]amino]butanoyl]amino]-1,6-diphenylhexan-2-yl]carbamate",10395099,-7.1
"Asunaprevir",16076883,-7.1
"2-Cyclopropyl-7-methyl-2,4,9,15-tetrazatricyclo[9.4.0.03,8]pentadeca-1(11),3,5,7,9,12,14-heptaen-10-amine",19427668,-7.1
"2-[2-[[2-Cyclohexyl-2-(pyrazine-2-carbonylamino)acetyl]amino]-3,3-dimethylbutanoyl]-N-[1-(cyclopropylamino)-1,2-dioxohexan-3-yl]-3,3a,4,5,6,6a-hexahydro-1H-cyclopenta[c]pyrrole-3-carboxamide",21889836,-7.1
"[(3S)-Oxolan-3-yl] N-[(2S,3R)-4-[(4-aminophenyl)sulfonyl-tert-butylamino]-3-hydroxy-1-phenylbutan-2-yl]carbamate",46780383,-7.1
"N-[3-[(1S)-1-[(2S)-4-Hydroxy-6-oxo-2-(2-phenylethyl)-2-propyl-3H-pyran-5-yl]propyl]phenyl]-5-(trifluoromethyl)pyridine-2-sulfonamide",54682815,-7.1
"N-[3-[1-[4-Hydroxy-6-oxo-2-(2-phenylethyl)-2-propyl-3H-pyran-5-yl]propyl]phenyl]-5-(trifluoromethyl)pyridine-2-sulfonamide",54684452,-7.1
"(1R,5S)-N-(4-Amino-1-cyclobutyl-3,4-dioxobutan-2-yl)-3-[2-(tert-butylcarbamoylamino)-3,3-dimethylbutanoyl]-6,6-dimethyl-3-azabicyclo[3.1.0]hexane-2-carboxamide",68027521,-7.1
"CID 117094756",117094756,-7.1
"CID 132274342",132274342,-7.1
"CID 135743573",135743573,-7.1
"CID 136219928",136219928,-7.1
"CID 137704505",137704505,-7.1
"Saquinavir",441243,-7
"(2S)-N-[(2S,3R)-4-[(3S,4Ar,8aR)-3-(tert-butylcarbamoyl)-3,4,4a,5,6,7,8,8a-octahydro-1H-isoquinolin-2-yl]-3-hydroxy-1-phenylbutan-2-yl]-2-(quinoline-2-carbonylamino)butanediamide",454468,-7
"(2S)-N-[(2S,3R)-4-[(3S,4As,8aS)-3-(tert-butylcarbamoyl)-3,4,4a,5,6,7,8,8a-octahydro-1H-isoquinolin-2-yl]-3-hydroxy-1-phenylbutan-2-yl]-2-(quinoline-2-carbonylamino)butanediamide",10604591,-7
"N-[6-[3-Tert-butyl-5-(2,4-dioxo-1,3-diazinan-1-yl)-2-methoxyphenyl]naphthalen-2-yl]methanesulfonamide",25199528,-7
"6-N-Cyclopropyl-9-[(1R,4S)-4-ethylcyclopent-2-en-1-yl]purine-2,6-diamine",29926788,-7
"(1R,3S)-3-(2-Amino-6-(cyclopropylamino)-9H-purin-9-yl)cyclopentanemethanol",29927453,-7
"(3S,3As,6aR)-2-[(2S)-2-[[2-cyclohexyl-2-(pyrazine-2-carbonylamino)acetyl]amino]-3,3-dimethylbutanoyl]-N-[1-(cyclopropylamino)-1,2-dioxohexan-3-yl]-3,3a,4,5,6,6a-hexahydro-1H-cyclopenta[c]pyrrole-3-carboxamide",52914943,-7
"Tert-butyl N-[(2S)-1-[(2S,4R)-4-(7-chloro-4-methoxyisoquinolin-1-yl)oxy-2-[[(1R,2R)-1-(cyclopropylsulfonylcarbamoyl)-2-ethenylcyclopropyl]carbamoyl]pyrrolidin-1-yl]-3,3-dimethyl-1-oxobutan-2-yl]carbamate",74891317,-7
"Propan-2-yl 2-[[[5-(2,4-dioxo-1,3-diazinan-1-yl)-4-fluoro-3-hydroxy-4-methyloxolan-2-yl]methoxy-phenoxyphosphoryl]amino]propanoate",75994329,-7
"CID 84819222",84819222,-7
"CID 118703177",118703177,-7
"CID 131839569",131839569,-7
"CID 134693164",134693164,-7
"CID 134694388",134694388,-7
"CID 134694394",134694394,-7
"Nevirapine",4463,-6.9
"(2S)-1-[(2S,4S)-4-Benzyl-2-hydroxy-5-[[(1S,2R)-2-hydroxy-2,3-dihydro-1H-inden-1-yl]amino]-5-oxopentyl]-N-tert-butyl-4-(pyridin-3-ylmethyl)piperazine-2-carboxamide",60944,-6.9
"Nelfinavir",64143,-6.9
"[(3Ar,4S,6aS)-2,3,3a,4,5,6a-hexahydrofuro[2,3-b]furan-4-yl] N-[(2S,3R)-4-[(4-aminophenyl)sulfonyl-(2-methylpropyl)amino]-3-hydroxy-1-phenylbutan-2-yl]carbamate",6320435,-6.9
"[(3Ar,4R,6aS)-2,3,3a,4,5,6a-hexahydrofuro[2,3-b]furan-4-yl] N-[(2S,3R)-4-[(4-aminophenyl)sulfonyl-(2-methylpropyl)amino]-3-hydroxy-1-phenylbutan-2-yl]carbamate",6320436,-6.9
"Tenofovir alafenamide",9574768,-6.9
"(2S)-N-[(2S,3R)-4-[(3S,4As,8aS)-3-(tert-butylcarbamoyl)-3,4,4a,5,6,7,8,8a-octahydro-1H-isoquinolin-2-yl]-3-hydroxy-1-phenylbutan-2-yl]-2-[(6-tritioquinoline-2-carbonyl)amino]butanediamide",10770765,-6.9
"Telaprevir, (R)-",15940245,-6.9
"2-Amino-9-[(1S,3R,4R)-4-hydroxy-3-(hydroxymethyl)-2-methylidenecyclopentyl]-5H-purin-6-one",45039134,-6.9
"Methyl N-[(2S)-1-[(2S)-2-[5-[4-[4-[2-[1-[(2S)-2-(methoxycarbonylamino)-3-methylbutanoyl]pyrrolidin-2-yl]-1H-imidazol-5-yl]phenyl]phenyl]-1H-imidazol-2-yl]pyrrolidin-1-yl]-3-methyl-1-oxobutan-2-yl]carbamate",58032018,-6.9
"(2S)-3-[(1S)-1-Acetamido-2-ethylbutyl]-4-(diaminomethylideneamino)-2-hydroxycyclopentane-1-carboxylic acid",73357582,-6.9
"Mecloqualone",9567,-6.8
"(2S)-2-[5,6-Dichloro-2-(propan-2-ylamino)benzimidazol-1-yl]-5-(hydroxymethyl)oxolane-3,4-diol",122872,-6.8
"Peramivir",154234,-6.8
"Etravirine",193962,-6.8
"[(3S)-Oxolan-3-yl] N-[(2S)-4-[(4-aminophenyl)sulfonyl-(2-methylpropyl)amino]-3-hydroxy-1-phenylbutan-2-yl]carbamate",11168069,-6.8
"Oxolan-3-yl N-[(2S,3R)-4-[(4-aminophenyl)sulfonyl-(2-methylpropyl)amino]-3-hydroxy-1-phenylbutan-2-yl]carbamate",44342222,-6.8
"(3S,3As,6aR)-N-[(2S)-2-[[(2S)-2-cyclohexyl-2-(pyrazine-2-carbonylamino)acetyl]amino]-3,3-dimethylbutanoyl]-N-[(3S)-1-(cyclopropylamino)-1,2-dioxohexan-3-yl]-1,2,3,3a,4,5,6,6a-octahydrocyclopenta[c]pyrrole-3-carboxamide",73357412,-6.8
"Propan-2-yl (2S)-2-[[[(3R,4R,5R)-5-(2,4-dioxopyrimidin-1-yl)-4-fluoro-3-hydroxy-4-methyloxolan-2-yl]methoxy-phenoxyphosphoryl]amino]propanoate",73425384,-6.8
"CID 137706622",137706622,-6.8
"2'-Fluorothymidine",159498,-6.7
"3'-Azido-3'-deoxythymidine, 98%",455007,-6.7
"(2S,3R,4S,5R)-2-[5,6-Dichloro-2-(propan-2-ylamino)benzimidazol-1-yl]-5-(hydroxymethyl)oxolane-3,4-diol",470056,-6.7
"Efavirenz, (R)-",477099,-6.7
"Telaprevir",3010818,-6.7
"[(2S,3R,5R)-2-(Hydroxymethyl)-5-(5-methyl-2,4-dioxopyrimidin-1-yl)oxolan-3-yl]imino-iminoazanium",6713933,-6.7
"Vertex",9898472,-6.7
"2,3,3a,4,5,6a-Hexahydrofuro[2,3-b]furan-4-yl N-[4-[(4-aminophenyl)sulfonyl-(2-methylpropyl)amino]-3-hydroxy-1-phenylbutan-2-yl]carbamate",23545473,-6.7
"Dasabuvir",56640146,-6.7
"(1R,2S,5S)-N-(4-Amino-1-cyclobutyl-3,4-dioxobutan-2-yl)-3-[(2R)-2-(tert-butylcarbamoylamino)-3,3-dimethylbutanoyl]-6,6-dimethyl-3-azabicyclo[3.1.0]hexane-2-carboxamide",57345778,-6.7
"(3S,3As,6aR)-2-[2-[[(2S)-2-cyclohexyl-2-(pyrazine-2-carbonylamino)acetyl]amino]-3,3-dimethylbutanoyl]-N-[(3S)-1-(cyclopropylamino)-1,2-dioxohexan-3-yl]-3,3a,4,5,6,6a-hexahydro-1H-cyclopenta[c]pyrrole-3-carboxamide",58987169,-6.7
"[(3S)-Oxolan-3-yl] N-[(2S)-4-[(4-aminophenyl)sulfonyl-(2-methylpropyl)amino]-1-phenyl-3-phosphonooxybutan-2-yl]carbamate",59131928,-6.7
"N-Cyclopropylsulfonyl-17-[7-methoxy-8-methyl-2-(4-propan-2-yl-1,3-thiazol-2-yl)quinolin-4-yl]oxy-13-methyl-2,14-dioxo-3,13-diazatricyclo[13.3.0.04,6]octadec-7-ene-4-carboxamide",66811198,-6.7
"1-[(2R,3R,5R)-3-Fluoro-4-hydroxy-5-(hydroxymethyl)oxolan-2-yl]-5-methylpyrimidine-2,4-dione",71314901,-6.7
"CID 124636677",124636677,-6.7
"CID 135398519",135398519,-6.7
"CID 135544016",135544016,-6.7
"CID 135564719",135564719,-6.7
"CID 136666677",136666677,-6.7
"Zidovudine",35370,-6.6
"Arbidol",131411,-6.6
"1-[3-Fluoro-4-hydroxy-5-(hydroxymethyl)oxolan-2-yl]-5-methylpyrimidine-2,4-dione",352992,-6.6
"1-[3-Fluoro-4-hydroxy-5-(hydroxymethyl)oxolan-2-yl]-5-(111C)methylpyrimidine-2,4-dione",450759,-6.6
"(2R,3R,4S,5R)-2-[5,6-Dichloro-2-(propan-2-ylamino)benzimidazol-1-yl]-5-(hydroxymethyl)oxolane-3,4-diol",493367,-6.6
"(3S,3As,6aR)-2-[(2S)-2-[[(2S)-2-cyclohexyl-2-(pyrazine-2-carbonylamino)acetyl]amino]-3,3-dimethylbutanoyl]-N-[1-(cyclopropylamino)-1,2-dioxohexan-3-yl]-3,3a,4,5,6,6a-hexahydro-1H-cyclopenta[c]pyrrole-3-carboxamide",3088969,-6.6
"[(1S,4S)-4-[2-Amino-6-(cyclopropylamino)purin-9-yl]cyclopent-2-en-1-yl]methanol",5742631,-6.6
"[2-(Hydroxymethyl)-5-(5-methyl-2,4-dioxopyrimidin-1-yl)oxolan-3-yl]imino-iminoazanium",6327751,-6.6
"Oxolan-3-yl N-[4-[(4-aminophenyl)sulfonyl-(2-methylpropyl)amino]-1-phenyl-3-phosphonooxybutan-2-yl]carbamate",11284707,-6.6
"(2R,3S,7S,8R)-8-Acetamido-7-(diaminomethylideneamino)-2-[(1R)-1,2-dihydroxyethyl]-1,4-dioxaspiro[2.5]oct-5-ene-5-carboxylic acid",11963642,-6.6
"(7Z)-N-Cyclopropylsulfonyl-17-[7-methoxy-8-methyl-2-(4-propan-2-yl-1,3-thiazol-2-yl)quinolin-4-yl]oxy-13-methyl-2,14-dioxo-3,13-diazatricyclo[13.3.0.04,6]octadec-7-ene-4-carboxamide",25183861,-6.6
"(4S)-5-Acetamido-4-(diaminomethylideneamino)-6-[(1R,2R)-1,2,3-trihydroxypropyl]-4H-pyran-2-carboxylic acid",53488430,-6.6
"(7E)-N-Cyclopropylsulfonyl-17-[7-methoxy-8-methyl-2-(4-propan-2-yl-1,3-thiazol-2-yl)quinolin-4-yl]oxy-13-methyl-2,14-dioxo-3,13-diazatricyclo[13.3.0.04,6]octadec-7-ene-4-carboxamide",66811197,-6.6
"Propan-2-yl 2-[[1-(6-aminopurin-9-yl)propan-2-yloxymethyl-phenoxyphosphoryl]amino]propanoate",72370618,-6.6
"2-Cyclopropyl-7-methyl-2,4,9,15-tetrazatricyclo[9.4.0.03,8]pentadecan-10-one",73013482,-6.6
"1-[[4-[8-Bromo-7-methoxy-2-[2-(2-methylpropanoylamino)-1,3-thiazol-4-yl]quinolin-4-yl]oxy-1-[2-(cyclopentyloxycarbonylamino)-3,3-dimethylbutanoyl]pyrrolidine-2-carbonyl]amino]-2-ethenylcyclopropane-1-carboxylic acid",74816650,-6.6
"[(2S)-2-[(2-Amino-6-oxo-5H-purin-9-yl)methoxy]-3-hydroxypropyl] 2-amino-3-methylbutanoate",76844910,-6.6
"CID 122172922",122172922,-6.6
"CID 131632443",131632443,-6.6
"CID 131750295",131750295,-6.6
"CID 134695356",134695356,-6.6
"CID 135483437",135483437,-6.6
"CID 135483663",135483663,-6.6
"CID 135908333",135908333,-6.6
"L-Thymidine",1134,-6.5
"4-Guanidino-5-(acetylamino)-6-(1,2,3-trihydroxypropyl)-5,6-dihydro-4H-pyran-2-carboxylic acid",5721,-6.5
"Adefovir dipivoxil",60871,-6.5
"(2S,3S,4S,5R)-2-(6-Amino-9H-purin-9-yl)-5-(hydroxymethyl)tetrahydrofuran-3,4-diol",96368,-6.5
"Fosamprenavir",131536,-6.5
"(2R,3S,4R,5S)-2-(6-Aminopurin-9-yl)-5-(hydroxymethyl)oxolane-3,4-diol",448378,-6.5
"(3S,4As,8aS)-N-tert-butyl-2-[(3R)-2-hydroxy-3-[(3-hydroxy-2-methylbenzoyl)amino]-4-phenylsulfanylbutyl]-3,4,4a,5,6,7,8,8a-octahydro-1H-isoquinoline-3-carboxamide",480161,-6.5
"1-[4-Hydroxy-5-(hydroxymethyl)-2-oxolanyl]-5-methyl-1,3-diazinane-2,4-dione",3995254,-6.5
"(3S,4As,8aS)-N-tert-butyl-2-[(2S,3S)-2-hydroxy-3-[(3-hydroxy-2-methylbenzoyl)amino]-4-phenylsulfanylbutyl]-3,4,4a,5,6,7,8,8a-octahydro-1H-isoquinoline-3-carboxamide",5279250,-6.5
"Vemlidy",9574767,-6.5
"(2R,3S,4R,5R)-2-[5,6-Dichloro-2-(propan-2-ylamino)benzimidazol-1-yl]-5-(hydroxymethyl)oxolane-3,4-diol",10199513,-6.5
"(2S,3R,4S,5S)-2-[5,6-Dichloro-2-(propan-2-ylamino)benzimidazol-1-yl]-5-(hydroxymethyl)oxolane-3,4-diol",10690915,-6.5
"(3S,4As,8aS)-N-tert-butyl-2-[(2S,3R)-2-hydroxy-3-[(3-hydroxy-2-methylbenzoyl)amino]-4-phenylsulfanylbutyl]-3,4,4a,5,6,7,8,8a-octahydro-1H-isoquinoline-3-carboxamide",10721715,-6.5
"(2S,3S,4R,5R)-2-[5,6-Dichloro-2-(propan-2-ylamino)benzimidazol-1-yl]-5-(hydroxymethyl)oxolane-3,4-diol",10738270,-6.5
"1-[(2R,3S,4R,5R)-3-Fluoro-4-hydroxy-5-(hydroxymethyl)oxolan-2-yl]-5-(113C)methylpyrimidine-2,4-dione",11065206,-6.5
"1-[(2R,4S,5S)-4-Azido-5-(hydroxymethyl)oxolan-2-yl]-5-methyl-1,3-diazinane-2,4-dione",15764402,-6.5
"(1R,5S)-N-(4-Amino-1-cyclobutyl-3,4-dioxobutan-2-yl)-3-[(2S)-2-(tert-butylcarbamoylamino)-3,3-dimethylbutanoyl]-6,6-dimethyl-3-azabicyclo[3.1.0]hexane-2-carboxamide",44583576,-6.5
"1-[(2R,4S,5S)-4-Azido-5-(hydroxymethyl)oxolan-2-yl]-1,3-diazinane-2,4-dione",46705354,-6.5
"1,3-Thiazol-5-ylmethyl N-[(Z,2S,3S)-3-hydroxy-5-[[(2S)-3-methyl-2-[[methyl-[(2-propan-2-yl-1,3-thiazol-4-yl)methyl]carbamoyl]amino]butanoyl]amino]-1,6-diphenylhex-4-en-2-yl]carbamate",46916284,-6.5
"[[(Z)-[3-Acetamido-6-carboxy-2-[(1R,2R)-1,2,3-trihydroxypropyl]pyran-4-ylidene]amino]-aminomethylidene]azanium",53488428,-6.5
"Tert-butyl N-[(2S)-1-[(2S,4R)-4-(7-chloro-4-methoxyisoquinolin-1-yl)oxy-2-[[(1R)-1-(cyclopropylsulfonylcarbamoyl)-2-ethenylcyclopropyl]carbamoyl]pyrrolidin-1-yl]-3,3-dimethyl-1-oxobutan-2-yl]carbamate",56843464,-6.5
"(3S,3As,6aR)-2-[(2S)-2-[[(2S)-2-cyclohexyl-2-(pyrazine-2-carbonylamino)acetyl]amino]-3,3-dimethylbutanoyl]-N-[(2R,3S)-1-(cyclopropylamino)-2-hydroxy-1-oxohexan-3-yl]-3,3a,4,5,6,6a-hexahydro-1H-cyclopenta[c]pyrrole-3-carboxamide",59235547,-6.5
"CID 134694218",134694218,-6.5
"Valacyclovir",135398742,-6.5
"Valganciclovir",135413535,-6.5
"CID 135453847",135453847,-6.5
"CID 136216617",136216617,-6.5
"6-Chloro-4-(cyclopropylethynyl)-4-(trifluoromethyl)-1,4-dihydro-2H-3,1-benzoxazin-2-one",3203,-6.4
"Thymidine",5789,-6.4
"Vidarabine",21704,-6.4
"Efavirenz",64139,-6.4
"Amprenavir",65016,-6.4
"1-(2-Deoxy-2-fluoro-beta-D-arabinofuranosyl)-5-methyluracil",72327,-6.4
"9-Arabinofuranosyladenine",102198,-6.4
"[[(2S)-1-(6-Aminopurin-9-yl)propan-2-yl]oxymethyl-(propan-2-yloxycarbonyloxymethoxy)phosphoryl]oxymethyl propan-2-yl carbonate",119830,-6.4
"[(3S)-Oxolan-3-yl] N-[(2S,3S)-4-[(4-aminophenyl)sulfonyl-(2-methylpropyl)amino]-3-hydroxy-1-phenylbutan-2-yl]carbamate",441385,-6.4
"Maribavir",471161,-6.4
"(3S,4R,5R)-2-(6-Aminopurin-9-yl)-5-(hydroxymethyl)oxolane-3,4-diol",6420052,-6.4
"[(2R,3S,5S)-2-(Hydroxymethyl)-5-(5-methyl-2,4-dioxopyrimidin-1-yl)oxolan-3-yl]imino-iminoazanium",6604386,-6.4
"1,3-Thiazol-5-ylmethyl N-[(2R,3R,5S)-3-hydroxy-5-[[3-methyl-2-[[methyl-[(2-propan-2-yl-1,3-thiazol-4-yl)methyl]carbamoyl]amino]butanoyl]amino]-1,6-diphenylhexan-2-yl]carbamate",9853294,-6.4
"1-[(2R,3S,4R,5R)-3-Fluoro-4-hydroxy-5-(hydroxymethyl)oxolan-2-yl]-5-(111C)methylpyrimidine-2,4-dione",10777654,-6.4
"5-Methyl-2'-fluoroarauracil F-18",11065133,-6.4
"(2S,3S,4S,5S)-2-[5,6-Dichloro-2-(propan-2-ylamino)benzimidazol-1-yl]-5-(hydroxymethyl)oxolane-3,4-diol",11740224,-6.4
"(2R,3R,4S)-3-Acetamido-4-(diaminomethylideneamino)-2-(2,3-dihydroxypropanoyl)-3,4-dihydro-2H-pyran-6-carboxylic acid",16122528,-6.4
"2-[5,6-Dichloro-2-(propan-2-ylamino)benzimidazol-1-yl]-5-(hydroxymethyl)oxolane-3,4-diol",18402072,-6.4
"(3S,3As,6aR)-2-[2-[[(2S)-2-cyclohexyl-2-(pyrazine-2-carbonylamino)acetyl]amino]-3,3-dimethylbutanoyl]-N-[1-(cyclopropylamino)-1,2-dioxohexan-3-yl]-3,3a,4,5,6,6a-hexahydro-1H-cyclopenta[c]pyrrole-3-carboxamide",24969878,-6.4
"Daclatasvir",25154714,-6.4
"1-[(2R,5R)-3,4-Dihydroxy-5-(hydroxymethyl)oxolan-2-yl]-1,2,4-triazole-3-carboxamide",44328976,-6.4
"Tert-butyl N-[(2S)-1-[(2S)-2-[[(1R,2S)-1-amino-2-ethenylcyclopropanecarbonyl]-cyclopropylsulfonylcarbamoyl]-4-(7-chloro-4-methoxyisoquinolin-1-yl)oxypyrrolidin-1-yl]-3,3-dimethyl-1-oxobutan-2-yl]carbamate",73014030,-6.4
"Methyl N-[(2S)-1-[(2R)-2-[4-[(6S)-10-[2-[(2S)-1-[(2S)-2-(methoxycarbonylamino)-3-methylbutanoyl]pyrrolidin-2-yl]-1H-imidazol-5-yl]-6-phenyl-6H-indolo[1,2-c][1,3]benzoxazin-3-yl]-2H-imidazol-2-yl]pyrrolidin-1-yl]-3-methyl-1-oxobutan-2-yl]carbamate",90479728,-6.4
"CID 93971973",93971973,-6.4
"(1S,2S,5R)-N-(4-Amino-1-cyclobutyl-3,4-dioxobutan-2-yl)-3-[(2R)-2-(tert-butylcarbamoylamino)-3,3-dimethylbutanoyl]-6,6-dimethyl-3-azabicyclo[3.1.0]hexane-2-carboxamide",118855587,-6.4
"CID 123133890",123133890,-6.4
"CID 129317847",129317847,-6.4
"CID 135459833",135459833,-6.4
"CID 135465579",135465579,-6.4
"CID 135483777",135483777,-6.4
"Aztec",5726,-6.3
"(1S,2S,3R,4R)-3-(1-Acetamido-2-ethyl-butyl)-4-guanidino-2-hydroxy-cyclopentanecarboxylic acid",151164,-6.3
"Diethyl 3,5-diphenyl-1h-pyrrole-2,4-dicarboxylate",291775,-6.3
"trans-2-Hydroxymethyl-5-(cytosin-1-yl)-1,3-oxathiolane",441224,-6.3
"3'-Epizidovudine",451515,-6.3
"(2R,3R,4S,5S)-2-[5,6-Dichloro-2-(propan-2-ylamino)benzimidazol-1-yl]-5-(hydroxymethyl)oxolane-3,4-diol",470055,-6.3
"1-[(3R,4S,5R)-3,4-Dihydroxy-5-(hydroxymethyl)oxolan-2-yl]-1,2,4-triazole-3-carboxamide",490511,-6.3
"1-[(2R,3R,4R,5R)-3,4-Dihydroxy-5-(hydroxymethyl)oxolan-2-yl]-1,2,4-triazole-3-carboxamide",1275117,-6.3
"Sefavirenz",3005889,-6.3
"(1R,2S,5S)-N-[(2S)-4-Amino-1-cyclobutyl-3,4-dioxobutan-2-yl]-3-[(2S)-2-(tert-butylcarbamoylamino)-3,3-dimethylbutanoyl]-6,6-dimethyl-3-azabicyclo[3.1.0]hexane-2-carboxamide",10324368,-6.3
"Lysozyme chloride",24839946,-6.3
"[(2S)-1-(4-Amino-2-oxopyrimidin-1-yl)-3-hydroxypropan-2-yl]oxymethyl-hydroxyphosphinate",29922751,-6.3
"Faldaprevir",42601552,-6.3
"(2R,3S,4S)-3-Acetamido-4-(diaminomethylideneamino)-2-[(1R,2R)-1,2,3-trihydroxypropyl]-3,4-dihydro-2H-pyran-6-carboxylic acid",45268955,-6.3
"Ritonavir impurity R [EP]",53487909,-6.3
"[[(E)-[3-Acetamido-6-carboxy-2-[(1R,2R)-1,2,3-trihydroxypropyl]pyran-4-ylidene]amino]-aminomethylidene]azanium",53488421,-6.3
"1-[(3S,4R,5R)-3-Fluoro-4-hydroxy-5-(hydroxymethyl)oxolan-2-yl]-5-methylpyrimidine-2,4-dione",53828899,-6.3
"Methyl N-[1-[(2S)-2-[5-[4-[4-[2-[(2S)-1-[2-(methoxycarbonylamino)-3-methylbutanoyl]pyrrolidin-2-yl]-1H-imidazol-5-yl]phenyl]phenyl]-1H-imidazol-2-yl]pyrrolidin-1-yl]-3-methyl-1-oxobutan-2-yl]carbamate",56843380,-6.3
"Methyl N-[2-[(2S)-2-[5-[4-[4-[2-[(2S)-1-[2-(methoxycarbonylamino)-3-methylbutanoyl]pyrrolidin-2-yl]-1H-imidazol-5-yl]phenyl]phenyl]-1H-imidazol-2-yl]pyrrolidine-1-carbonyl]-3-methylbutyl]carbamate",66575053,-6.3
"1-[(3R,4S,5S)-3-Fluoro-4-hydroxy-5-(hydroxymethyl)oxolan-2-yl]-5-methylpyrimidine-2,4-dione",67236438,-6.3
"(2R,3R,4S)-3-Acetamido-4-(diaminomethylideneamino)-2-[(1S,2R)-2,3-dihydroxy-1-methoxypropyl]-3,4-dihydro-2H-pyran-6-carboxylic acid",71749736,-6.3
"CID 91927745",91927745,-6.3
"CID 129317838",129317838,-6.3
"CID 134694391",134694391,-6.3
"CID 136636271",136636271,-6.3
"CID 137967122",137967122,-6.3
"2-{[1-(2-Amino-3-methyl-pentanoyl)-pyrrolidine-2-carbonyl]-amino}-3-methyl-pentanoic acid",3107,-6.2
"Uridine, 2'-deoxy-5-iodo-",3687,-6.2
"Ribavirin",37542,-6.2
"Adenosine",60961,-6.2
"Tromantadine",64377,-6.2
"Clevudine",73115,-6.2
"alpha-L-(+)-(2R,5R)-5-Fluoro-1-(2-(hydroxymethyl)-1,3-oxathiolan-5-yl)cytosine",454519,-6.2
"Tenofovir",464205,-6.2
"1-[(2R,4S,5S)-4-Hydroxy-5-(hydroxymethyl)oxolan-2-yl]-5-iodopyrimidine-2,4-dione",1272916,-6.2
"1-[(2R,4R,5S)-4-Hydroxy-5-(hydroxymethyl)oxolan-2-yl]-5-methylpyrimidine-2,4-dione",3000346,-6.2
"1-[(2S,4R,5S)-4-Hydroxy-5-(hydroxymethyl)tetrahydrofuran-2-yl]-5-iodo-pyrimidine-2,4-dione",3008588,-6.2
"(1S,2S,3R,4R)-3-((S)-1-Acetamido-2-ethylbutyl)-4-guanidino-2-hydroxycyclopentanecarboxylic acid",3465281,-6.2
"1-[(2S,3S,4S,5S)-3-Fluoro-4-hydroxy-5-(hydroxymethyl)oxolan-2-yl]-5-methylpyrimidine-2,4-dione",5270576,-6.2
"Rilpivirine, (Z)-",5270790,-6.2
"(2R,3R,4S)-3-(Carboxyamino)-4-(diaminomethylideneamino)-2-[(1R,2R)-1,2,3-trihydroxypropyl]-3,4-dihydro-2H-pyran-6-carboxylic acid",5271915,-6.2
"1-[(2R,3R,4S,5R)-3-Fluoro-4-hydroxy-5-(hydroxymethyl)oxolan-2-yl]-5-methylpyrimidine-2,4-dione",5274113,-6.2
"2,4-Deoxy-4-guanidino-5-N-acetyl-neuraminic acid",5288452,-6.2
"1-[(2R,3R,4S,5S)-3-Fluoro-4-hydroxy-5-(hydroxymethyl)oxolan-2-yl]-5-methylpyrimidine-2,4-dione",5742657,-6.2
"5-[(E)-2-Bromoethenyl]-1-[(2R,4R,5S)-4-hydroxy-5-(hydroxymethyl)oxolan-2-yl]pyrimidine-2,4-dione",6479520,-6.2
"9-[2-[[Bis[(isopropyloxycarbonyloxy)methoxy]phosphinyl]methoxy]propyl]-9H-purine-6-amine",6850811,-6.2
"Boceprevir",10324367,-6.2
"1-[(2R,4S,5R)-3,4-Dihydroxy-5-(hydroxymethyl)oxolan-2-yl]-1,2,4-triazole-3-carboxamide",11447914,-6.2
"(4S,5R,6R)-5-Acetamido-4-(diaminomethylideneamino)-6-(2,3-dihydroxypropanoyl)oxane-2-carboxylic acid",42627220,-6.2
"Cidofovir(2-)",44450793,-6.2
"1-[(2R,4S)-4-Hydroxy-5-(hydroxymethyl)oxolan-2-yl]-5-iodopyrimidine-2,4-dione",51371334,-6.2
"1-[(2R,3S,5R)-3,4-Dihydroxy-5-(hydroxymethyl)-2-oxolanyl]-1,2,4-triazole-3-carboxamide",53384927,-6.2
"1-[(2S,3R,4S,5S)-3-Fluoro-4-hydroxy-5-(hydroxymethyl)oxolan-2-yl]-5-methyl-1,3-diazinane-2,4-dione",76844933,-6.2
"CID 86280314",86280314,-6.2
"CID 133636847",133636847,-6.2
"CID 134694732",134694732,-6.2
"CID 134751724",134751724,-6.2
"Ganciclovir",135398740,-6.2
"CID 135543634",135543634,-6.2
"2-(6-Aminopurin-9-yl)-5-(hydroxymethyl)oxolane-3,4-diol",191,-6.1
"5-(2-Bromoethenyl)-1-[4-hydroxy-5-(hydroxymethyl)oxolan-2-yl]pyrimidine-2,4-dione",3183,-6.1
"1,3-Thiazol-5-ylmethyl N-[3-hydroxy-5-[[3-methyl-2-[[methyl-[(2-propan-2-yl-1,3-thiazol-4-yl)methyl]carbamoyl]amino]butanoyl]amino]-1,6-diphenylhexan-2-yl]carbamate",5076,-6.1
"Zanamivir",60855,-6.1
"1-[(4R,5S)-4-Hydroxy-5-(hydroxymethyl)oxolan-2-yl]-5-methylpyrimidine-2,4-dione",453555,-6.1
"Laninamivir",502272,-6.1
"1-[(2R,4R,5R)-4-Hydroxy-5-(hydroxymethyl)tetrahydrofuran-2-yl]-5-iodo-pyrimidine-2,4-dione",511644,-6.1
"4-Amino-1-[(2S,5S)-5-(hydroxymethyl)tetrahydrofuran-2-yl]pyrimidin-2-one",676643,-6.1
"4-[[4-[4-[(E)-2-Cyanoethenyl]-2,6-dimethylanilino]pyrimidin-2-yl]amino]benzonitrile",3006171,-6.1
"(E)-5-(2-Bromovinyl)-2'-deoxyuridine",5353599,-6.1
"Rilpivirine",6451164,-6.1
"1-[(2S,3S,4R,5R)-3,4-Dihydroxy-5-(hydroxymethyl)oxolan-2-yl]-1,2,4-triazole-3-carboxamide",6554111,-6.1
"5-[(Z)-2-Bromoethenyl]-1-[(2R,4S,5S)-4-hydroxy-5-(hydroxymethyl)oxolan-2-yl]pyrimidine-2,4-dione",6603750,-6.1
"(1S,2S,3S,4R)-3-[(1R)-1-Acetamido-2-ethylbutyl]-4-(diaminomethylideneamino)-2-hydroxycyclopentane-1-carboxylic acid",9883907,-6.1
"2-Amino-9-[4-hydroxy-3-(hydroxymethyl)butyl]-5H-purin-6-one",12088730,-6.1
"(2R,3R,4S)-3-Acetamido-4-(diaminomethylideneamino)-2-[(1S,2S)-1,2,3-trihydroxypropyl]-3,4-dihydro-2H-pyran-6-carboxylic acid",20112027,-6.1
"[(5S)-1,3-Thiazolidin-5-yl]methyl N-[(2S,3S,5S)-3-hydroxy-5-[[(2S)-3-methyl-2-[[methyl-[(2-propan-2-yl-1,3-thiazol-4-yl)methyl]carbamoyl]amino]butanoyl]amino]-1,6-diphenylhexan-2-yl]carbamate",53249957,-6.1
"(2R,3R)-3-Acetamido-4-(diaminomethylideneamino)-2-[(1R,2R)-1,2,3-trihydroxypropyl]-3,6-dihydro-2H-pyran-6-carboxylic acid",53308650,-6.1
"1-[4-Hydroxy-5-(hydroxymethyl)oxolan-2-yl]-5-iodo-1,3-diazinane-2,4-dione",72511112,-6.1
"3-Acetamido-4-(diaminomethylideneamino)-2-(2,3-dihydroxy-1-methoxypropyl)-3,4-dihydro-2H-pyran-6-carboxylic acid",73086473,-6.1
"5-(2-Bromoethenyl)-1-[4-hydroxy-5-(hydroxymethyl)oxolan-2-yl]-1,3-diazinane-2,4-dione",73717379,-6.1
"CID 118797605",118797605,-6.1
"Didanosine",135398739,-6.1
"CID 135422442",135422442,-6.1
"Ganciclovir Mono-O-acetate",135459820,-6.1
"CID 135705216",135705216,-6.1
"Famciclovir",3324,-6
"4-Amino-1-(2-(hydroxymethyl)-1,3-oxathiolan-5-yl)pyrimidin-2(1H)-one",3877,-6
"1-[3,4-Dihydroxy-5-(hydroxymethyl)oxolan-2-yl]-1H-1,2,4-triazole-3-carboxamide",5064,-6
"Tilorone",5475,-6
"Idoxuridine",5905,-6
"1-[(2R,4S,5R)-4-Hydroxy-5-(hydroxymethyl)oxolan-2-yl]-5-(125I)iodanylpyrimidine-2,4-dione",107764,-6
"5-(123I)Iodo-2'-deoxyuridine",179629,-6
"Brivudine",446727,-6
"1-(3-Hydroxy-2-phosphonomethoxypropyl)-4-aminopyrimidin-2(1H)-one",466146,-6
"1-[(2S,5R)-5-(Hydroxymethyl)-2,5-dihydrofuran-2-yl]-5-methyl-pyrimidine-2,4-dione",470154,-6
"1-(3,4-Dihydroxy-5-hydroxymethyl-tetrahydro-furan-2-yl)-1H-imidazole-4-carboxylic acid, amide",3007126,-6
"1-[(2R,4R,5S)-4-Hydroxy-5-(hydroxymethyl)oxolan-2-yl]-5-iodopyrimidine-2,4-dione",6093284,-6
"5-[(Z)-2-Bromoethenyl]-1-[(2R,4S,5R)-4-hydroxy-5-(hydroxymethyl)oxolan-2-yl]pyrimidine-2,4-dione",6481583,-6
"(+/-)-trans-Lamivudine",6540852,-6
"1-[(2R,3R,4S,5S)-3,4-Dihydroxy-5-(hydroxymethyl)oxolan-2-yl]-1,2,4-triazole-3-carboxamide",6603992,-6
"1-[(2R,4R,5R)-3,4-Dihydroxy-5-(hydroxymethyl)-2-oxolanyl]-1,2,4-triazole-3-carboxamide",6713992,-6
"(2R,3S,4R,5S)-2-[5,6-Dichloro-2-(propan-2-ylamino)benzimidazol-1-yl]-5-(hydroxymethyl)oxolane-3,4-diol",6915773,-6
"Idoxuridine I-131",10021274,-6
"Zanamivir Amine Triacetate Methyl Ester",10950050,-6
"Tert-butyl N-[1-[4-(7-chloro-4-methoxyisoquinolin-1-yl)oxy-2-[[1-(cyclopropylsulfonylcarbamoyl)-2-ethenylcyclopropyl]carbamoyl]pyrrolidin-1-yl]-3,3-dimethyl-1-oxobutan-2-yl]carbamate",23595629,-6
"9-[(2R,5S)-5-(Hydroxymethyl)oxolan-2-yl]-5H-purin-6-one",45038985,-6
"2',3'-Didehydro-3'-deoxythymidine",45073506,-6
"(1S,2R,3R,4R)-3-(1-Acetamido-2-ethylbutyl)-4-(diaminomethylideneamino)-2-hydroxycyclopentane-1-carboxylic acid",51051671,-6
"(2R,3R,4S)-3-Acetamido-4-(diamino(114C)methylideneamino)-2-[(1R,2R)-1,2,3-trihydroxypropyl]-3,4-dihydro-2H-pyran-6-carboxylic acid",53324370,-6
"[[(2S)-2-(6-Aminopurin-9-yl)propoxy]methyl-(propan-2-yloxycarbonyloxymethoxy)phosphoryl]oxymethyl propan-2-yl carbonate",53486286,-6
"Methyl N-[(2S)-1-[(2R)-2-[5-[4-[4-[2-[(2R)-1-[(2S)-2-(methoxycarbonylamino)-3-methylbutanoyl]pyrrolidin-2-yl]-1H-imidazol-5-yl]phenyl]phenyl]-1H-imidazol-2-yl]pyrrolidin-1-yl]-3-methyl-1-oxobutan-2-yl]carbamate",59668890,-6
"(3As,6aR)-2-[2-[[2-cyclohexyl-2-(pyrazine-2-carbonylamino)acetyl]amino]-3,3-dimethylbutanoyl]-N-[1-(cyclopropylamino)-1,2-dioxohexan-3-yl]-3,3a,4,5,6,6a-hexahydro-1H-cyclopenta[c]pyrrole-3-carboxamide",68372211,-6
"(1R,2S)-1-[[(2S)-4-[8-Bromo-7-methoxy-2-[2-(2-methylpropanoylamino)-1,3-thiazol-4-yl]quinolin-4-yl]oxy-1-[(2S)-2-(cyclopentyloxycarbonylamino)-3,3-dimethylbutanoyl]pyrrolidine-2-carbonyl]amino]-2-ethenylcyclopropane-1-carboxylic acid",71588937,-6
"[2-(6-Aminopurin-9-yl)ethoxymethyl-(2,2-dimethylpropanoyloxymethoxy)phosphanyl]oxymethyl 2,2-dimethylpropanoate",73013216,-6
"(2S,4S,5R,6S)-5-Acetamido-4-(diaminomethylideneamino)-6-[(1R,2R)-1,2,3-trihydroxypropyl]oxane-2-carboxylic acid",73659108,-6
"1-[(2S,4R,5S)-4-Hydroxy-5-(hydroxymethyl)oxolan-2-yl]-5-methyl-1,3-diazinane-2,4-dione",77231964,-6
"5-[(E)-2-Bromoethenyl]-1-[(2R,4S,5R)-4-hydroxy-5-(hydroxymethyl)oxolan-2-yl]-1,3-diazinane-2,4-dione",77520711,-6
"CID 129011024",129011024,-6
"Penciclovir",135398748,-6
"1-Phenyl-2-(decanoylamino)-3-morpholino-1-propanol",3129,-5.9
"1-[5-(Hydroxymethyl)-2,5-dihydrofuran-2-yl]-5-methyl-1,2,3,4-tetrahydropyrimidine-2,4-dione",5155,-5.9
"Stavudine",18283,-5.9
"Cidofovir",60613,-5.9
"5-(2-Bromoethenyl)-1-[(2R,4S,5R)-4-hydroxy-5-(hydroxymethyl)oxolan-2-yl]pyrimidine-2,4-dione",68886,-5.9
"1-[(2R,5R)-5-(Hydroxymethyl)-2,5-dihydrofuran-2-yl]-5-methyl-pyrimidine-2,4-dione",453465,-5.9
"Oxathiolan",454858,-5.9
"4-Amino-1-[(2R,5R)-5-(hydroxymethyl)tetrahydrofuran-2-yl]pyrimidin-2-one",455661,-5.9
"1-[(2S,4S,5R)-4-Hydroxy-5-(hydroxymethyl)tetrahydrofuran-2-yl]-5-iodo-pyrimidine-2,4-dione",512326,-5.9
"1-[(2S,5S)-5-(Hydroxymethyl)-2,5-dihydrofuran-2-yl]-5-methylpyrimidine-2,4-dione",727961,-5.9
"1-[(2R,5R)-4-Hydroxy-5-(hydroxymethyl)-2-oxolanyl]-5-iodopyrimidine-2,4-dione",6419973,-5.9
"L-Bvdu",6479192,-5.9
"1-[(2S,4S,5S)-4-Hydroxy-5-(hydroxymethyl)oxolan-2-yl]-5-iodopyrimidine-2,4-dione",6604188,-5.9
"(2R,4R,5R)-2-(6-Aminopurin-9-yl)-5-(hydroxymethyl)oxolane-3,4-diol",6713976,-5.9
"5-(2-Bromoethenyl)-1-[(2R,4S,5S)-4-hydroxy-5-(hydroxymethyl)oxolan-2-yl]pyrimidine-2,4-dione",6921725,-5.9
"1-[(2R,3S,4S,5S)-3,4-Dihydroxy-5-(hydroxymethyl)oxolan-2-yl]-1,2,4-triazole-3-carboxamide",7048774,-5.9
"5-(2-Bromoethenyl)-1-[(2S,4S,5S)-4-hydroxy-5-(hydroxymethyl)oxolan-2-yl]pyrimidine-2,4-dione",7059515,-5.9
"1-[(2R,3S,4R,5S)-3,4-Dihydroxy-5-(hydroxymethyl)oxolan-2-yl]-1,2,4-triazole-3-carboxamide",9794820,-5.9
"Racivir",9837769,-5.9
"1-[(2R,5R)-4-Hydroxy-5-(hydroxymethyl)oxolan-2-yl]-5-(123I)iodanylpyrimidine-2,4-dione",9884756,-5.9
"1-[(3S,4R,5S)-3,4-Dihydroxy-5-(hydroxymethyl)oxolan-2-yl]-1,2,4-triazole-3-carboxamide",10220469,-5.9
"1-[(2R,5S)-5-(Hydroxymethyl)-(214C)2,5-dihydrofuran-2-yl]-5-methylpyrimidine-2,4-dione",10775595,-5.9
"4-Amino-5-fluoro-1-[(2S)-2-(hydroxymethyl)-1,3-oxathiolan-5-yl]pyrimidin-2-one",10955876,-5.9
"1-[(2R,5S)-5-(Hydroxy(113C)methyl)-(2,3,4,5-13C4)2,5-dihydrofuran-2-yl]-5-methyl(613C,1,3-15N2)pyrimidine-2,4-dione",11042603,-5.9
"alpha-Ribavirin",11436477,-5.9
"1-[(2S,3R,4S,5R)-3-Fluoro-4-hydroxy-5-(hydroxymethyl)oxolan-2-yl]-5-methylpyrimidine-2,4-dione",11470950,-5.9
"(2S,4S,5R,6R)-5-Acetamido-4-(diaminomethylideneamino)-6-[(1R,2R)-1,2,3-trihydroxypropyl]oxane-2-carboxylic acid",11724422,-5.9
"1-[(4S,5R)-4-Hydroxy-5-(hydroxymethyl)-2-oxolanyl]-5-iodopyrimidine-2,4-dione",16051928,-5.9
"1-[(2S,3S,4S,5R)-3,4-Dihydroxy-5-(hydroxymethyl)oxolan-2-yl]-1,2,4-triazole-3-carboxamide",21789506,-5.9
"2(1H)-Pyrimidinone, 4-amino-5-fluoro-1-(2-(hydroxymethyl)-1,3-oxathiolan-5-yl)-, (2S-trans)-",22858382,-5.9
"5-[(E)-2-Bromoethenyl]-1-[(2R,5R)-4-hydroxy-5-(hydroxymethyl)oxolan-2-yl]pyrimidine-2,4-dione",44629987,-5.9
"(1R,2S)-1-[[(2S,4S)-4-[8-Bromo-7-methoxy-2-[2-(2-methylpropanoylamino)-1,3-thiazol-4-yl]quinolin-4-yl]oxy-1-[(2S)-2-(cyclopentyloxycarbonylamino)-3,3-dimethylbutanoyl]pyrrolidine-2-carbonyl]amino]-2-ethenylcyclopropane-1-carboxylic acid",46178275,-5.9
"1-[(2R,4S,5R)-4-Hydroxy-5-(hydroxymethyl)oxolan-2-yl]-5-iodo-1,3-diazinane-2,4-dione",58463488,-5.9
"Fluphenazine decanoate",3388,-5.8
"Ethyl 4-(acetylamino)-5-amino-3-(pentan-3-yloxy)cyclohex-1-ene-1-carboxylate",4603,-5.8
"Telbivudine",159269,-5.8
"4-Amino-1-[(2S,5R)-5-(hydroxymethyl)tetrahydrofuran-2-yl]pyrimidin-2-one",455271,-5.8
"Tenofovir disoproxil",5481350,-5.8
"(2R,3R,4R,5S)-2-[5,6-Dichloro-2-(propan-2-ylamino)benzimidazol-1-yl]-5-(hydroxymethyl)oxolane-3,4-diol",6338443,-5.8
"Methyl N-[(2S)-1-[2-[(2S)-2-hydroxy-3-[[(2S)-2-(methoxycarbonylamino)-3,3-dimethylbutanoyl]amino]-4-phenylbutyl]-2-[(4-pyridin-2-ylphenyl)methyl]hydrazinyl]-3,3-dimethyl-1-oxobutan-2-yl]carbamate",6540550,-5.8
"(2R,4S,5R,6R)-5-Acetamido-4-(diaminomethylideneamino)-6-[(1R,2R)-1,2,3-trihydroxypropyl]oxane-2-carboxylic acid",17754002,-5.8
"1-[(2S,5S)-4-Hydroxy-5-(hydroxymethyl)oxolan-2-yl]-5-methylpyrimidine-2,4-dione",46782983,-5.8
"Ethyl (4R)-4-acetamido-5-amino-3-pentan-3-yloxycyclohexene-1-carboxylate",70909882,-5.8
"CID 129317861",129317861,-5.8
"4-Amino-1-[5-(hydroxymethyl)oxolan-2-yl]pyrimidin-2-one",5718,-5.7
"Zalcitabine",24066,-5.7
"Oseltamivir",65028,-5.7
"4-Amino-1-[(2S,5R)-2-(hydroxymethyl)-1,3-oxathiolan-5-yl]pyrimidin-2(1H)-one",73339,-5.7
"Levovirin",460516,-5.7
"[(2R)-1-(4-Amino-2-oxo-pyrimidin-1-yl)-3-hydroxy-propan-2-yl]oxymethylphosphonic acid",513605,-5.7
"5-Amino-4-acetamido-3-(pentan-3-yloxy)cyclohex-1-ene-1-carboxylic acid",4631786,-5.7
"1-[(2S,3S,4S,5S)-3,4-Dihydroxy-5-(hydroxymethyl)oxolan-2-yl]-1,2,4-triazole-3-carboxamide",6604395,-5.7
"1-[(2S,3R,4S,5S)-3,4-Dihydroxy-5-(hydroxymethyl)oxolan-2-yl]-1,2,4-triazole-3-carboxamide",7048773,-5.7
"4-Amino-1-[(5S)-5-(hydroxymethyl)oxolan-2-yl]pyrimidin-2-one",10198219,-5.7
"2-Amino-9-(1,3-dihydroxypropan-2-yloxymethyl)-5H-purin-6-one",24870996,-5.7
"CID 92402731",92402731,-5.7
"Oseltamivir acid",449381,-5.6
"4-Amino-5-fluoro-1-(2-(hydroxymethyl)-1,3-oxathiolan-5-YL)-1,6-dihydropyrimidin-2-OL",45358076,-5.6
"Emtricitabine",60877,-5.5
"Methisazone",667492,-5.5
"(1S,2R)-1-[[(2S,4R)-4-[8-Bromo-7-methoxy-2-[2-(2-methylpropanoylamino)-1,3-thiazol-4-yl]quinolin-4-yl]oxy-1-[(2S)-2-(cyclopentyloxycarbonylamino)-3,3-dimethylbutanoyl]pyrrolidine-2-carbonyl]amino]-2-ethenylcyclopropane-1-carboxylic acid",71300931,-5.5
"Methyl N-[1-[2-[5-[4-[4-[2-[1-[2-(methoxycarbonylamino)-3-methylbutanoyl]pyrrolidin-2-yl]-1H-imidazol-5-yl]phenyl]phenyl]-1H-imidazol-2-yl]pyrrolidin-1-yl]-3-methyl-1-oxobutan-2-yl]carbamate",74349335,-5.5
"CID 131699339",131699339,-5.5
"Acyclovir",135398513,-5.5
"Lamivudine",60825,-5.4
"Ingavirin",9942657,-5.4
"2-(5-(Trifluoromethyl)pyridin-2-yl)acetic acid",21201304,-5.4
"Rimantadine",5071,-5.3
"Moroxydine",71655,-5.3
"(1S)-1-(Adamantan-1-yl)ethan-1-amine",7048784,-5.3
"CID 134715573",134715573,-5.3
"(1R)-1-(Adamantan-1-yl)ethan-1-amine",7048786,-5.2
"CID 137345967",137345967,-5.2
"4-Methoxybenzamide",76959,-4.9
"Methyl (3S)-3-[(2S)-2-[5-[4-[4-[2-[(2S)-1-[(2S)-2-(methoxycarbonylamino)-3-methylbutanoyl]pyrrolidin-2-yl]-1H-imidazol-5-yl]phenyl]phenyl]-1H-imidazol-2-yl]pyrrolidine-1-carbonyl]-4-methylpentanoate",70683022,-4.9
"Methyl N-[(2S)-1-[(2S)-2-[4-[(6S)-3-[2-[(2S)-1-[(2S)-2-(methoxycarbonylamino)-3-methylbutanoyl]pyrrolidin-2-yl]-4H-imidazol-4-yl]-6-phenyl-6H-indolo[1,2-c][1,3]benzoxazin-10-yl]-2H-imidazol-2-yl]pyrrolidin-1-yl]-3-methyl-1-oxobutan-2-yl]carbamate",71710947,-4.9
"2-[[(2S)-1-[(2S)-2-[5-[(6S)-3-[2-[1-[(2S)-2-(Carboxymethylamino)-3-methylbutanoyl]pyrrolidin-2-yl]-1H-imidazol-5-yl]-6-phenyl-6H-indolo[1,2-c][1,3]benzoxazin-9-yl]-1H-imidazol-2-yl]pyrrolidin-1-yl]-3-methyl-1-oxobutan-2-yl]amino]acetic acid",86578095,-4.9
"Favipiravir",492405,-4.8
"6,8-Epoxy-p-menthane",14021140,-4.8
"2-(Methylthio)-5-(trifluoromethyl)-1,3,4-thiadiazole",11030831,-4.5
"1-Isopropyl-2,3-dimethylcyclopentane",544190,-4.4
"Phosphonoacetic acid",546,-3.5
"Foscarnet",3415,-3.5
"24-Tert-butyl-N-[1-(cyclopropylsulfonylcarbamoyl)-2-ethenylcyclopropyl]-7-methoxy-22,25-dioxo-2,21-dioxa-4,11,23,26-tetrazapentacyclo[24.2.1.03,12.05,10.018,20]nonacosa-3,5(10),6,8,11-pentaene-27-carboxamide",72535808,-3.5
"Phosphonatoformate",3414,-3.3
"Methyl N-[1-[2-[5-[3-[2-[1-[2-(methoxycarbonylamino)-3-methylbutanoyl]pyrrolidin-2-yl]-1H-imidazol-5-yl]-6-phenyl-6H-indolo[1,2-c][1,3]benzoxazin-10-yl]-1H-imidazol-2-yl]pyrrolidin-1-yl]-3-methyl-1-oxobutan-2-yl]carbamate",68069336,1.5
